estimator,grad_variance,reduction_factor_vs_reinforce
REINFORCE,4.059614677089097,1.0
REINFORCE++,0.7617795240937205,5.329120235830398
RLOO,0.9341607902894508,4.345734395286726
GRPO,0.08852064639565363,45.86065333215217
